query_mirna	gse	gsm	perturbation_class	matched_targets	matched_perturbation_terms	gse_title	gsm_title	gse_type	submission_date	last_update_date	gpl	gpl_title	technology	gpl_organism	organism_ch1	source_name_ch1	characteristics_ch1	treatment_protocol_ch1	summary	overall_design
hsa-let-7f-5p	GSE214579	GSM6612241	mixed_or_ambiguous	hsa-let-7f-5p	inhibitor,mimic,mirna mimic	Estrogen receptor alpha mutations regulate gene expression and cell growth in breast cancer through microRNAs (RNA-Seq)	T47D_Y537S_clone1_mimic_miR_301b_3p	Expression profiling by high throughput sequencing	2022-09-30	2022-10-05	NA	NA	NA	NA	Homo sapiens	T-47D	cell line: T-47D;	cell type: mammary gland ductal carcinoma;	esr1 genotype: Y573S;	treatment: hsa-mir-301b-3p mimic	T-47D cells were grown in 100mm plates in hormone-deprived media for four days then plated into 12-well plates at approximately 50% confluence and allowed to adhere for 24 hours. Cells were then transfected with a miRNA mimic or inhibitor for a given miRNA or with a mimic or inhibitor negative control at a 10nM final concentration.	Estrogen receptor α (ER) mutations occur in up to 30% of metastatic ER-positive breast cancers. Recent data has shown that ER mutations impact the expression of thousands of genes not typically regulated by wildtype ER. While the majority of these altered genes can be explained by constant activity of mutant ER or genomic changes such as altered ER binding and chromatin accessibility, as much as 33% remain unexplained, indicating the potential for post-transcriptional effects. Here we explored the role of microRNAs in mutant ER-driven gene regulation and identified several microRNAs that are dysregulated in ER mutant cells. These differentially regulated microRNAs target a significant portion of mutant-specific genes involved in key cellular processes. When the activity of microRNAs is altered using mimics or inhibitors, significant changes are observed in gene expression and cellular proliferation related to mutant ER. An in-depth evaluation of miR-301b led us to discover an important role for PRKD3 in the proliferation of ER mutant cells. Our findings show that microRNAs contribute to mutant ER gene regulation and cellular effects in breast cancer cells.	Comparitive gene expression analysis of RNA-seq data from T-47D Y537S or D538G mutant ER cell line models after treatment with a miRNA mimic/inhibitor for hsa-miR-301b-3p, hsa-miR-181c-5p, hsa-miR-331-3p, or hsa-let-7f-5p.
hsa-miR-101-3p	GSE194052	GSM5827034	mixed_or_ambiguous	hsa-miR-101-3p	inhibitor,aso,overexpression,overexpressed	Genetic and epigenetic mechanisms deregulate the CRL2pVHL complex in hepatocellular carcinoma 	MX1302-C5JC4ACXX-2-ATCAGT	Non-coding RNA profiling by high throughput sequencing	2022-01-20	2022-06-22	NA	NA	NA	NA	Homo sapiens	fetal liver	tissue: liver	N/A	Dysregulation of ubiquitin-proteasome pathway genes through copy number alteration, promoter hypomethylation, and miRNA deregulation is involved in cancer development and progression. Further characterizing alterations in these genes may uncover novel drug targets across a range of diseases in which druggable alterations are uncommon, including hepatocellular carcinoma (HCC). We analyzed 377 HCC and 59 adjacent non-malignant liver tissue samples, focusing on alterations to component genes of the widely studied CRL2pVHL complex. Patient outcome was significantly worse when complex components VHL, CUL2, ELOC, or RBX1 were overexpressed in tumours. DNA hypomethylation and copy number increase were correlated with this overexpression, but many tumours had mRNA upregulation that was not explained by either mechanism. To assess the potential role of miRNA downregulation in component gene upregulation, we first acquired a wide-ranging view of the liver miRNA transcriptome by finding all miRNAs that were expressed in fetal liver, HCC, or adjacent non-malignant samples.  Interestingly, we found 66 miRNAs, including 39 previously unannotated miRNAs, that were downregulated in HCC and predicted to target one or more CRL2pVHL components. Several miRNAs, including hsa-miR-101-3p and hsa-miR-139-5p, were negatively correlated with multiple component genes, suggesting that miRNA deregulation may contribute to CRL2pVHL overexpression. Combining miRNA and mRNA expression, DNA copy number, and methylation status into one multidimensional survival analysis, we found a significant association between greater numbers of alterations and poorer overall survival for multiple component genes. While the intricacies of CRL2pVHL complex gene regulation require additional research, it is evident that multiple causes for the deregulation of these genes must be considered in HCC, including non-traditional mechanisms. A better understanding of the CRL2pVHL components and further elucidation of their regulation could expand our understanding of HCC oncogenesis and aid in the development of novel inhibitors.	Ten fetal liver samples were subjected to miRNA sequencing, in order to quantify their expression of both known and unannotated ('novel') miRNAs.
hsa-miR-139-5p	GSE194052	GSM5827034	mixed_or_ambiguous	hsa-miR-139-5p	inhibitor,aso,overexpression,overexpressed	Genetic and epigenetic mechanisms deregulate the CRL2pVHL complex in hepatocellular carcinoma 	MX1302-C5JC4ACXX-2-ATCAGT	Non-coding RNA profiling by high throughput sequencing	2022-01-20	2022-06-22	NA	NA	NA	NA	Homo sapiens	fetal liver	tissue: liver	N/A	Dysregulation of ubiquitin-proteasome pathway genes through copy number alteration, promoter hypomethylation, and miRNA deregulation is involved in cancer development and progression. Further characterizing alterations in these genes may uncover novel drug targets across a range of diseases in which druggable alterations are uncommon, including hepatocellular carcinoma (HCC). We analyzed 377 HCC and 59 adjacent non-malignant liver tissue samples, focusing on alterations to component genes of the widely studied CRL2pVHL complex. Patient outcome was significantly worse when complex components VHL, CUL2, ELOC, or RBX1 were overexpressed in tumours. DNA hypomethylation and copy number increase were correlated with this overexpression, but many tumours had mRNA upregulation that was not explained by either mechanism. To assess the potential role of miRNA downregulation in component gene upregulation, we first acquired a wide-ranging view of the liver miRNA transcriptome by finding all miRNAs that were expressed in fetal liver, HCC, or adjacent non-malignant samples.  Interestingly, we found 66 miRNAs, including 39 previously unannotated miRNAs, that were downregulated in HCC and predicted to target one or more CRL2pVHL components. Several miRNAs, including hsa-miR-101-3p and hsa-miR-139-5p, were negatively correlated with multiple component genes, suggesting that miRNA deregulation may contribute to CRL2pVHL overexpression. Combining miRNA and mRNA expression, DNA copy number, and methylation status into one multidimensional survival analysis, we found a significant association between greater numbers of alterations and poorer overall survival for multiple component genes. While the intricacies of CRL2pVHL complex gene regulation require additional research, it is evident that multiple causes for the deregulation of these genes must be considered in HCC, including non-traditional mechanisms. A better understanding of the CRL2pVHL components and further elucidation of their regulation could expand our understanding of HCC oncogenesis and aid in the development of novel inhibitors.	Ten fetal liver samples were subjected to miRNA sequencing, in order to quantify their expression of both known and unannotated ('novel') miRNAs.
hsa-miR-140-3p	GSE74539	GSM1922401	mixed_or_ambiguous	hsa-miR-140-3p	knockdown,overexpression,mimic	Effects of overexpression of hsa-miR-140-3p and its 5'isomiR in MCF10A and MDA-MB-231 breast cell lines	MCF10A_mimic-ctrl1_rep1	Expression profiling by array	2015-10-30	2018-08-13	NA	NA	NA	NA	Homo sapiens	MCF10A_mimic-ctrl1_rep1	cell line: MCF10A	Cells were seeded in 6 well plates and transfected using Lipofectamin2000 and a final mimic concentration of 30nM. RNA was harvested 48h after transfection and microarray analysis was performed.	miRNAs are small noncoding RNA molecules that play an important role in post-transcriptional regulation of gene expression. Length and/or sequence variants of the same miRNA are termed isomiRs. While most isomiRs are functionally redundant compared to their canonical counterparts, so-called 5’isomiRs exhibit a shifted 5’ end and therefore a shifted seed sequence resulting in a different target spectrum. However, not much is known about the functional relevance of these isoforms.  Analysis of miRNA-seq data from breast cancer cell lines identified six pairs of highly expressed miRNAs and associated 5’isomiRs. Among them, hsa-miR-140-3p was of particular interest because its 5’isomiR showed higher expression compared to the canonical miRNA annotated in miRbase. This miRNA has previously been shown to control stemness of breast cancer cells. MiRNAseq data of breast cancer patients (TCGA dataset) showed that both the canonical hsa-miR-140-3p and its 5’isomiR-140-3p were highly expressed in patients compared to normal breast tissue. In the current work, we present the functional characterization of 5’isomiR-140-3p and the cellular phenotypes associated with its overexpression in MCF10A and MDA-MB-231 cell lines in comparison to the canonical hsa-miR-140-3p. Contrary to the effect of the canonical hsa miR 140-3p, overexpression of the 5’isomiR-140-3p led to a decrease in cell viability. The latter observation was supported by cell cycle analysis, where the 5’isomiR-140-3p but not the hsa-miR-140-3p caused cell cycle arrest in G0/G1-phase. Additionally, 5’ismoiR-140-3p overexpression was found to cause a decrease in cell migration in MCF10A cells. We identified three novel direct target genes of the 5’ isomiR-140-3p; COL4A1, ITGA6 and MARCKSL1. Finally, we have shown that knocking down these genes partially phenocopied the effects of the 5’isomiR-140-4p overexpression, where COL4A1 and ITGA6 knockdown led to reduced cell viability and cell cycle arrest, while MARCKSL1 knockdown resulted in a decrease in the migratory potential of cells.  In summary, this work presents evidence that there is a functional synergy between the canonical hsa-miR-140-3p and the newly identified 5’isomiR-140-3p in suppressing growth and progression of breast cancer by simultaneously targeting genes related to differentiation, proliferation, and migration.;	With this array, we aimed to address the question which genes are regulated by either of the two forms of the miRNA.	Samples were measured in one biological replicate of cells transfected with mimic-ctrl1 and mimic-ctrl2 (Dharmacon) as control samples and two biological replicates of cells transfected with hsa-miR-140-3p and 5'isomiR-140-3p (Exiqon) in 30nM concentration using Lipofectamin 2000 as transfection reagent.
hsa-miR-181c-5p	GSE214579	GSM6612241	mixed_or_ambiguous	hsa-miR-181c-5p	inhibitor,mimic,mirna mimic	Estrogen receptor alpha mutations regulate gene expression and cell growth in breast cancer through microRNAs (RNA-Seq)	T47D_Y537S_clone1_mimic_miR_301b_3p	Expression profiling by high throughput sequencing	2022-09-30	2022-10-05	NA	NA	NA	NA	Homo sapiens	T-47D	cell line: T-47D;	cell type: mammary gland ductal carcinoma;	esr1 genotype: Y573S;	treatment: hsa-mir-301b-3p mimic	T-47D cells were grown in 100mm plates in hormone-deprived media for four days then plated into 12-well plates at approximately 50% confluence and allowed to adhere for 24 hours. Cells were then transfected with a miRNA mimic or inhibitor for a given miRNA or with a mimic or inhibitor negative control at a 10nM final concentration.	Estrogen receptor α (ER) mutations occur in up to 30% of metastatic ER-positive breast cancers. Recent data has shown that ER mutations impact the expression of thousands of genes not typically regulated by wildtype ER. While the majority of these altered genes can be explained by constant activity of mutant ER or genomic changes such as altered ER binding and chromatin accessibility, as much as 33% remain unexplained, indicating the potential for post-transcriptional effects. Here we explored the role of microRNAs in mutant ER-driven gene regulation and identified several microRNAs that are dysregulated in ER mutant cells. These differentially regulated microRNAs target a significant portion of mutant-specific genes involved in key cellular processes. When the activity of microRNAs is altered using mimics or inhibitors, significant changes are observed in gene expression and cellular proliferation related to mutant ER. An in-depth evaluation of miR-301b led us to discover an important role for PRKD3 in the proliferation of ER mutant cells. Our findings show that microRNAs contribute to mutant ER gene regulation and cellular effects in breast cancer cells.	Comparitive gene expression analysis of RNA-seq data from T-47D Y537S or D538G mutant ER cell line models after treatment with a miRNA mimic/inhibitor for hsa-miR-301b-3p, hsa-miR-181c-5p, hsa-miR-331-3p, or hsa-let-7f-5p.
hsa-miR-181c-5p	GSE214580	GSM6612253	mixed_or_ambiguous	hsa-miR-181c-5p	inhibitor,mimic,mirna mimic	Estrogen receptor alpha mutations regulate gene expression and cell growth in breast cancer through microRNAs	T47D_D538G_clone1_mimic_miR_181c_5p	Expression profiling by high throughput sequencing;	Non-coding RNA profiling by array	2022-09-30	2022-10-08	NA	NA	NA	NA	Homo sapiens	T-47D	cell line: T-47D;	cell type: mammary gland ductal carcinoma;	esr1 genotype: D538G;	treatment: hsa-miR-181c-5p mimic	T-47D cells were grown in 100mm plates in hormone-deprived media for four days then plated into 12-well plates at approximately 50% confluence and allowed to adhere for 24 hours. Cells were then transfected with a miRNA mimic or inhibitor for a given miRNA or with a mimic or inhibitor negative control at a 10nM final concentration.	This SuperSeries is composed of the SubSeries listed below.	Refer to individual Series
hsa-miR-200a-3p	GSE83512	GSM2205587	mixed_or_ambiguous	hsa-miR-200a-3p	inhibitor,overexpression,overexpressed	MiR-200a Regulates CDK4/6 Inhibitor Effect by Targeting CDK6 in Metastatic Melanoma	BD-NC	Expression profiling by high throughput sequencing	2016-06-20	2022-04-15	NA	NA	NA	NA	Homo sapiens	BD-0548_over-expressing negative control hsa-miR_72 hrs	cell line: BD-0548;	cell type: metastatic melanoma cell line;	tissue source: cutaneous melanoma;	transfected with: hsa-miR negative control;	time point: 72 hrs post-transfection	Melanoma cell lines (BD-0548, DP-0574, and WP-0614) were transfected with either 10nM of hsa-miR-200a or negative control hsa-miR precursors. Transfection were performed with Jet-PRIME transfection reagent according to the manufacturer’s instruction. After 72 hrs post-transfection, melanoma cells were washed twice with PBS and RNA extraction was performed.	Three metastatic melanoma cell lines (BD-0548-ME, DP-0574-ME and WP-0614-ME) were transfected with miR precursors: hsa-miR negative control (NC) or hsa-miR-200a-3p precursors (miR-200a). The objective of this experiment was to determine miR-200a targets in metastatic melanoma cell lines. We selected low -miR-200a expression cell lines and then we overexpressed miR-200a or NC. Finally, we compared the metastatic melanoma cell lines with miR-200a overexpression (miR-200a) to the same cell line transfected with the negative control miR (NC).	Total RNA was extracted from three melanoma cell lines and RNA-Seq by using Illumina HiSeq 2500.
hsa-miR-28-5p	GSE229786	GSM7177662	mixed_or_ambiguous	hsa-miR-28-5p	inhibitor,mimic	DFBL-18689-V2 PDX (ABC-DLBCL) tumors treated with miR-28 or control mimics	NS1971miR	Expression profiling by high throughput sequencing	2023-04-14	2023-09-21	NA	NA	NA	NA	Homo sapiens	Subcutaneous PDX tumor	treatment: miR-28 mimic treatment;	tissue: DLBCL tumor tissue	control or hsa-miR-28-5p mimics treatment (0.5 nmol) intratumorally in subcutaneous tumors	Diffuse large B cell lymphoma (DLBCL) is the most common aggressive B cell lymphoma and accounts for nearly 40% of cases of B cell non-Hodgkin lymphoma. DLBCL is generally treated with R-CHOP chemotherapy, but many patients do not respond or relapse after treatment. Here, we analyzed the therapeutic potential of the tumor suppressor microRNA-28 (miR-28) for DLBCL, alone and in combination with the Bruton’s tyrosine kinase inhibitor ibrutinib. Combination therapy with miR-28 plus ibrutinib potentiated the anti-tumor effects of monotherapy with either agent by inducing a specific transcriptional cell-cycle arrest program that impairs DNA replication. The molecular actions of miR-28 and ibrutinib synergistically impair DNA replication by simultaneous inhibition of origin activation and fork progression. Moreover, we found that downregulation of the miR-28-plus-ibrutinib gene signature correlates with better survival of ABC-DLBCL patients. These results provide evidence for the effectiveness of a new miRNA-based ibrutinib combination therapy for DLBCL and unveil the miR-28-plus-ibrutinib gene signature as a new predictor of outcome in ABC-DLBCL patients.	Three independent pairs of DFBL-18689-V2 PDX (PROXE) tumors treated with miR-28 or control obtained at day 5 after the mimic treatment (0.5 nmol) were used for RNA-seq sequencing. Libraries for gene expression were generated.
hsa-miR-28-5p	GSE242754	GSM7770060	mixed_or_ambiguous	hsa-miR-28-5p	sirna,mimic	RNAseq of human tissue culture cells following treatment with MIR-28 family microRNA mimics	MCF10A cells (siNT, BR7)	Expression profiling by high throughput sequencing	2023-09-08	2024-02-08	NA	NA	NA	NA	Homo sapiens	MCF10A	cell line: MCF10A;	cell type: breast epithelial cells;	treatment: siNT	Cells were treated for 72 h with 30 nM non-targeting siRNA (siNT) or MIR-28 microRNA mimics (hsa-miR-28-5p or hsa-miR-708-5p) from Dharmacon/Horizon Discovery.	The objectives of this study were to investigate the differential RNAseq profiles of nearly-normal human cell lines treated with MIR-28 family microRNA mimics (hsa-miR-28-5p or hsa-miR-708-5p), compared to negative control.	To identify polyA+ transcripts that were differentially expressed in MCF10A human breast epithelial cells or hTERT RPE-1 retinal pigment epithelial cells following treatment with MIR-28 family member microRNA mimics, we profiled cellular RNAs by Illumina sequencing. Treatment conditions were a non-targeting siRNA (siNT, negative control), hsa-miR-28-5p microRNA mimic, or hsa-miR-708-5p microRNA mimic (Horizon Discovery/Dharmacon). Cells were seeded at 100,000 cells/well in 6-well plates for 24 h, then transfected with RNAi reagent for 72 h. Total RNA was harvested with TRIzol and purified. The Yale Center for Genomic Analysis prepared 100 bp paired-end libraries for sequencing after polyA+ (oligo dT) selection, and conducted the Illumina sequencing experiments.
hsa-miR-331-3p	GSE214579	GSM6612241	mixed_or_ambiguous	hsa-miR-331-3p	inhibitor,mimic,mirna mimic	Estrogen receptor alpha mutations regulate gene expression and cell growth in breast cancer through microRNAs (RNA-Seq)	T47D_Y537S_clone1_mimic_miR_301b_3p	Expression profiling by high throughput sequencing	2022-09-30	2022-10-05	NA	NA	NA	NA	Homo sapiens	T-47D	cell line: T-47D;	cell type: mammary gland ductal carcinoma;	esr1 genotype: Y573S;	treatment: hsa-mir-301b-3p mimic	T-47D cells were grown in 100mm plates in hormone-deprived media for four days then plated into 12-well plates at approximately 50% confluence and allowed to adhere for 24 hours. Cells were then transfected with a miRNA mimic or inhibitor for a given miRNA or with a mimic or inhibitor negative control at a 10nM final concentration.	Estrogen receptor α (ER) mutations occur in up to 30% of metastatic ER-positive breast cancers. Recent data has shown that ER mutations impact the expression of thousands of genes not typically regulated by wildtype ER. While the majority of these altered genes can be explained by constant activity of mutant ER or genomic changes such as altered ER binding and chromatin accessibility, as much as 33% remain unexplained, indicating the potential for post-transcriptional effects. Here we explored the role of microRNAs in mutant ER-driven gene regulation and identified several microRNAs that are dysregulated in ER mutant cells. These differentially regulated microRNAs target a significant portion of mutant-specific genes involved in key cellular processes. When the activity of microRNAs is altered using mimics or inhibitors, significant changes are observed in gene expression and cellular proliferation related to mutant ER. An in-depth evaluation of miR-301b led us to discover an important role for PRKD3 in the proliferation of ER mutant cells. Our findings show that microRNAs contribute to mutant ER gene regulation and cellular effects in breast cancer cells.	Comparitive gene expression analysis of RNA-seq data from T-47D Y537S or D538G mutant ER cell line models after treatment with a miRNA mimic/inhibitor for hsa-miR-301b-3p, hsa-miR-181c-5p, hsa-miR-331-3p, or hsa-let-7f-5p.
hsa-miR-331-3p	GSE214580	GSM6612243	mixed_or_ambiguous	hsa-miR-331-3p	inhibitor,mimic,mirna mimic	Estrogen receptor alpha mutations regulate gene expression and cell growth in breast cancer through microRNAs	T47D_Y537S_clone1_mimic_miR_331_3p	Expression profiling by high throughput sequencing;	Non-coding RNA profiling by array	2022-09-30	2022-10-08	NA	NA	NA	NA	Homo sapiens	T-47D	cell line: T-47D;	cell type: mammary gland ductal carcinoma;	esr1 genotype: Y573S;	treatment: hsa-miR-331-3p mimic	T-47D cells were grown in 100mm plates in hormone-deprived media for four days then plated into 12-well plates at approximately 50% confluence and allowed to adhere for 24 hours. Cells were then transfected with a miRNA mimic or inhibitor for a given miRNA or with a mimic or inhibitor negative control at a 10nM final concentration.	This SuperSeries is composed of the SubSeries listed below.	Refer to individual Series
hsa-miR-708-5p	GSE242754	GSM7770060	mixed_or_ambiguous	hsa-miR-708-5p	sirna,mimic	RNAseq of human tissue culture cells following treatment with MIR-28 family microRNA mimics	MCF10A cells (siNT, BR7)	Expression profiling by high throughput sequencing	2023-09-08	2024-02-08	NA	NA	NA	NA	Homo sapiens	MCF10A	cell line: MCF10A;	cell type: breast epithelial cells;	treatment: siNT	Cells were treated for 72 h with 30 nM non-targeting siRNA (siNT) or MIR-28 microRNA mimics (hsa-miR-28-5p or hsa-miR-708-5p) from Dharmacon/Horizon Discovery.	The objectives of this study were to investigate the differential RNAseq profiles of nearly-normal human cell lines treated with MIR-28 family microRNA mimics (hsa-miR-28-5p or hsa-miR-708-5p), compared to negative control.	To identify polyA+ transcripts that were differentially expressed in MCF10A human breast epithelial cells or hTERT RPE-1 retinal pigment epithelial cells following treatment with MIR-28 family member microRNA mimics, we profiled cellular RNAs by Illumina sequencing. Treatment conditions were a non-targeting siRNA (siNT, negative control), hsa-miR-28-5p microRNA mimic, or hsa-miR-708-5p microRNA mimic (Horizon Discovery/Dharmacon). Cells were seeded at 100,000 cells/well in 6-well plates for 24 h, then transfected with RNAi reagent for 72 h. Total RNA was harvested with TRIzol and purified. The Yale Center for Genomic Analysis prepared 100 bp paired-end libraries for sequencing after polyA+ (oligo dT) selection, and conducted the Illumina sequencing experiments.
hsa-miR-93-5p	GSE241300	GSM7720800	mixed_or_ambiguous	hsa-miR-93-5p	shrna,overexpression,overexpressed	shRNA-based miRNA overexpression results in significant off-target effects caused by isomiR production [mRNA-seq]	PC-3 cells, shRNA with 5'-CUCGAG-3' loop, 1 replicate	Expression profiling by high throughput sequencing	2023-08-21	2023-08-22	GPL28337	DNBSEQ-G50 (Homo sapiens)	high-throughput sequencing	Homo sapiens	Homo sapiens	prostate cancer	tissue: prostate cancer;	cell line: PC-3;	cell type: prostate cancer;	treatment: shRNA with 5'-CUCGAG-3' loop	Stable overexpression of hsa-miR-93-5p isoforms was achieved by a shRNA-mediated approach.;	In particular, each of the three double-stranded DNA fragments (in length 65 bp, 68 bp, and 67 bp) containing a 23 base hsa-miR-93-5p sequence (5'-CAAAGTGCTGTTCGTGCAGGTAG) was cloned into the BsmBI restriction sites of the LentiGuide-Hygro lentiviral vector (Addgene #139462, UK) without sgRNA scaffold.;	The shRNAs coding by these DNA oligomers differed in the loop sequence only (5'-CTCGAG, 5'-TTCAAGAGA, and 5'-TTCTAGAA).;	The same vector containing a short sequence of sgRNA (5'-TTCTCTTGCTGAAAGCTCGA) was used to generate a transduced control cell line (``Control'').;	Nucleotide compositions of the obtained lentiviral vectors were confirmed by Sanger sequencing.;	Lentiviral particles were obtained as cell-free supernatants by transient transfection of HEK-293T and using GenJect-39 transfection reagent (Molecta, Russia).;	Briefly, lentiviral vectors based on pLentiGuide-Hygro were packaged using the second-generation packaging plasmid pCMV-dR8.2 dvpr (Addgene #8455, UK) and pCMV-VSV-G (Addgene #8454, UK) expressing the envelope protein of vesicular stomatitis virus.;	The supernatant was harvested 24h and 48h after transfection, 0.45 $\mu$m filtered and was immediately used for transduction or stored at -80C;	Target PC-3 cells were plated at 8 x 104 cells in 2 mL medium in each well of a 6-well plate 24 hours before transduction.;	After viral particles containing supernatant were added to the cells, the medium was replaced in 3 days, cells were seeded into a 25 cm^2 flask, and hygromycin was added at a concentration of 150 $\mu$g/mL.;	The hygromycin selection was carried out for at least two weeks.	miRNA overexpression strategy based on RNA Polymerase (Pol) III mediated expression of short hairpin RNA (shRNA) coding particular miRNA is widely used for miRNA functional studies. For some miRNAs, e.g., encoded in the genome as a part of a polycistronic miRNA cluster, it is most likely the only way for their individual stable overexpression. Here we have revealed that extra \texttt{U} residues (up to five) added Pol III at the 3$'$-end of the transcribed shRNA associated with a shift in the Dicer cleavage position of the shRNA. This results in the undesirable formation of 5$'$-end miRNA isoforms (5$'$-isomiRs), which have a significantly altered seed region compared to the initially encoded canonical hsa-miR-93-5p. The predominant expression of 5$'$-isomiRs without three or four first nucleotides instead of the canonical isoform could be disclosed based on miRNA-Seq analysis. Moreover, mRNA sequencing data showed that the 5$'$-isomiRs of hsa-miR-93-5p presumably regulate their own mRNA targets. Thus, omitting miRNA-Seq analysis may lead to erroneous conclusions regarding revealed mRNA targets and possible molecular mechanisms in which studied miRNA is involved.	PC-3 (prostate cancer) cell line was transduced by lentiviral particles coding one of the three types of shRNA to achieve stable overexpression of hsa-miR-93-5p.;	All shRNA constructs contained the sequence of the canonical hsa-miR-93-5p and differed in their loop sequence only (5'-CUACCUGCACGAACAGCACUUUG-3' -- upper stem; 5'-CUCGAG-3', 5'-UUCAAGAGA-3', 5'-UUCUAAAA-3' -- stem loops; 3'-...UUGAUGGACGUGCUUGUCGUGAAAC-5' -- lower stem).;	To comprehensively understand the overexpressed isoforms of hsa-miR-93-5p and their impact on the cellular transcriptome profile, we conducted sequencing of both mRNAs (3 repeats for control and all loops) and miRNAs (3 repeats for the control, 3 repeats for the first loop and 2 repeats for other ones).
hsa-miR-93-5p	GSE241301	GSM7720812	mixed_or_ambiguous	hsa-miR-93-5p	shrna,overexpression,overexpressed	shRNA-based miRNA overexpression results in significant off-target effects caused by isomiR production [miRNA-seq]	PC-3 cells, shRNA with 5'-CUCGAG-3' loop, 1 replicate	Non-coding RNA profiling by high throughput sequencing	2023-08-21	2023-08-22	GPL21697	NextSeq 550 (Homo sapiens)	high-throughput sequencing	Homo sapiens	Homo sapiens	prostate cancer	tissue: prostate cancer;	cell line: PC-3;	cell type: prostate cancer;	treatment: shRNA with 5'-CUCGAG-3' loop	Stable overexpression of hsa-miR-93-5p isoforms was achieved by a shRNA-mediated approach.;	In particular, each of the three double-stranded DNA fragments (in length 65 bp, 68 bp, and 67 bp) containing a 23 base hsa-miR-93-5p sequence (5'-CAAAGTGCTGTTCGTGCAGGTAG) was cloned into the BsmBI restriction sites of the LentiGuide-Hygro lentiviral vector (Addgene #139462, UK) without sgRNA scaffold.;	The shRNAs coding by these DNA oligomers differed in the loop sequence only (5'-CTCGAG, 5'-TTCAAGAGA, and 5'-TTCTAGAA).;	The same vector containing a short sequence of sgRNA (5'-TTCTCTTGCTGAAAGCTCGA) was used to generate a transduced control cell line (``Control'').;	Nucleotide compositions of the obtained lentiviral vectors were confirmed by Sanger sequencing.;	Lentiviral particles were obtained as cell-free supernatants by transient transfection of HEK-293T and using GenJect-39 transfection reagent (Molecta, Russia).;	Briefly, lentiviral vectors based on pLentiGuide-Hygro were packaged using the second-generation packaging plasmid pCMV-dR8.2 dvpr (Addgene #8455, UK) and pCMV-VSV-G (Addgene #8454, UK) expressing the envelope protein of vesicular stomatitis virus.;	The supernatant was harvested 24h and 48h after transfection, 0.45 $\mu$m filtered and was immediately used for transduction or stored at -80C;	Target PC-3 cells were plated at 8 x 104 cells in 2 mL medium in each well of a 6-well plate 24 hours before transduction.;	After viral particles containing supernatant were added to the cells, the medium was replaced in 3 days, cells were seeded into a 25 cm^2 flask, and hygromycin was added at a concentration of 150 $\mu$g/mL.;	The hygromycin selection was carried out for at least two weeks.	miRNA overexpression strategy based on RNA Polymerase (Pol) III mediated expression of short hairpin RNA (shRNA) coding particular miRNA is widely used for miRNA functional studies. For some miRNAs, e.g., encoded in the genome as a part of a polycistronic miRNA cluster, it is most likely the only way for their individual stable overexpression. Here we have revealed that extra \texttt{U} residues (up to five) added Pol III at the 3$'$-end of the transcribed shRNA associated with a shift in the Dicer cleavage position of the shRNA. This results in the undesirable formation of 5$'$-end miRNA isoforms (5$'$-isomiRs), which have a significantly altered seed region compared to the initially encoded canonical hsa-miR-93-5p. The predominant expression of 5$'$-isomiRs without three or four first nucleotides instead of the canonical isoform could be disclosed based on miRNA-Seq analysis. Moreover, mRNA sequencing data showed that the 5$'$-isomiRs of hsa-miR-93-5p presumably regulate their own mRNA targets. Thus, omitting miRNA-Seq analysis may lead to erroneous conclusions regarding revealed mRNA targets and possible molecular mechanisms in which studied miRNA is involved.	PC-3 (prostate cancer) cell line was transduced by lentiviral particles coding one of the three types of shRNA to achieve stable overexpression of hsa-miR-93-5p.;	All shRNA constructs contained the sequence of the canonical hsa-miR-93-5p and differed in their loop sequence only (5'-CUACCUGCACGAACAGCACUUUG-3' -- upper stem; 5'-CUCGAG-3', 5'-UUCAAGAGA-3', 5'-UUCUAAAA-3' -- stem loops; 3'-...UUGAUGGACGUGCUUGUCGUGAAAC-5' -- lower stem).;	To comprehensively understand the overexpressed isoforms of hsa-miR-93-5p and their impact on the cellular transcriptome profile, we conducted sequencing of both miRNAs (3 repeats for the control, 3 repeats for the first loop and 2 repeats for other ones) and mRNAs (3 repeats for control and all loops).
hsa-miR-93-5p	GSE241303	GSM7720800	mixed_or_ambiguous	hsa-miR-93-5p	shrna,overexpression	shRNA-based miRNA overexpression results in significant off-target effects caused by isomiR production	PC-3 cells, shRNA with 5'-CUCGAG-3' loop, 1 replicate	Expression profiling by high throughput sequencing;	Non-coding RNA profiling by high throughput sequencing	2023-08-21	2023-08-21	GPL21697	NextSeq 550 (Homo sapiens)	high-throughput sequencing	Homo sapiens	Homo sapiens	prostate cancer	tissue: prostate cancer;	cell line: PC-3;	cell type: prostate cancer;	treatment: shRNA with 5'-CUCGAG-3' loop	Stable overexpression of hsa-miR-93-5p isoforms was achieved by a shRNA-mediated approach.;	In particular, each of the three double-stranded DNA fragments (in length 65 bp, 68 bp, and 67 bp) containing a 23 base hsa-miR-93-5p sequence (5'-CAAAGTGCTGTTCGTGCAGGTAG) was cloned into the BsmBI restriction sites of the LentiGuide-Hygro lentiviral vector (Addgene #139462, UK) without sgRNA scaffold.;	The shRNAs coding by these DNA oligomers differed in the loop sequence only (5'-CTCGAG, 5'-TTCAAGAGA, and 5'-TTCTAGAA).;	The same vector containing a short sequence of sgRNA (5'-TTCTCTTGCTGAAAGCTCGA) was used to generate a transduced control cell line (``Control'').;	Nucleotide compositions of the obtained lentiviral vectors were confirmed by Sanger sequencing.;	Lentiviral particles were obtained as cell-free supernatants by transient transfection of HEK-293T and using GenJect-39 transfection reagent (Molecta, Russia).;	Briefly, lentiviral vectors based on pLentiGuide-Hygro were packaged using the second-generation packaging plasmid pCMV-dR8.2 dvpr (Addgene #8455, UK) and pCMV-VSV-G (Addgene #8454, UK) expressing the envelope protein of vesicular stomatitis virus.;	The supernatant was harvested 24h and 48h after transfection, 0.45 $\mu$m filtered and was immediately used for transduction or stored at -80C;	Target PC-3 cells were plated at 8 x 104 cells in 2 mL medium in each well of a 6-well plate 24 hours before transduction.;	After viral particles containing supernatant were added to the cells, the medium was replaced in 3 days, cells were seeded into a 25 cm^2 flask, and hygromycin was added at a concentration of 150 $\mu$g/mL.;	The hygromycin selection was carried out for at least two weeks.	This SuperSeries is composed of the SubSeries listed below.	Refer to individual Series
hsa-miR-93-5p	GSE247987	GSM7904134	mixed_or_ambiguous	hsa-miR-93-5p	shrna,overexpression,overexpressed	shRNA-based miRNA overexpression results in significant off-target effects caused by isomiR production [DU-145 cells]	DU-145 cells, shRNA with 5'-CUCGAG-3' loop, 1 replicate	Non-coding RNA profiling by high throughput sequencing	2023-11-16	2023-11-17	GPL21697	NextSeq 550 (Homo sapiens)	high-throughput sequencing	Homo sapiens	Homo sapiens	prostate cancer	tissue: prostate cancer;	cell line: DU-145;	treatment: shRNA with 5'-CUCGAG-3' loop	Stable overexpression of hsa-miR-93-5p isoforms was achieved by a shRNA-mediated approach.;	In particular, each of the three double-stranded DNA fragments (in length 65 bp, 68 bp, and 67 bp) containing a 23 base hsa-miR-93-5p sequence (5'-CAAAGTGCTGTTCGTGCAGGTAG) was cloned into the BsmBI restriction sites of the LentiGuide-Hygro lentiviral vector (Addgene #139462, UK) without sgRNA scaffold.;	The shRNAs coding by these DNA oligomers differed in the loop sequence only (5'-CTCGAG, 5'-TTCAAGAGA, and 5'-TTCTAGAA).;	The same vector containing a short sequence of sgRNA (5'-TTCTCTTGCTGAAAGCTCGA) was used to generate a transduced control cell line (``Control'').;	Nucleotide compositions of the obtained lentiviral vectors were confirmed by Sanger sequencing.;	Lentiviral particles were obtained as cell-free supernatants by transient transfection of HEK-293T and using GenJect-39 transfection reagent (Molecta, Russia).;	Briefly, lentiviral vectors based on pLentiGuide-Hygro were packaged using the second-generation packaging plasmid pCMV-dR8.2 dvpr (Addgene #8455, UK) and pCMV-VSV-G (Addgene #8454, UK) expressing the envelope protein of vesicular stomatitis virus.;	The supernatant was harvested 24h and 48h after transfection, 0.45 $\mu$m filtered and was immediately used for transduction or stored at -80C;	Target DU-145 cells were plated at 8 x 104 cells in 2 mL medium in each well of a 6-well plate 24 hours before transduction.;	After viral particles containing supernatant were added to the cells, the medium was replaced in 3 days, cells were seeded into a 25 cm^2 flask, and hygromycin was added at a concentration of 150 $\mu$g/mL.;	The hygromycin selection was carried out for at least two weeks.	miRNA overexpression strategy based on RNA Polymerase (Pol) III mediated expression of short hairpin RNA (shRNA) coding particular miRNA is widely used for miRNA functional studies. For some miRNAs, e.g., encoded in the genome as a part of a polycistronic miRNA cluster, it is most likely the only way for their individual stable overexpression. Here we have revealed that extra \texttt{U} residues (up to five) added Pol III at the 3$'$-end of the transcribed shRNA associated with a shift in the Dicer cleavage position of the shRNA. This results in the undesirable formation of 5$'$-end miRNA isoforms (5$'$-isomiRs), which have a significantly altered seed region compared to the initially encoded canonical hsa-miR-93-5p. The predominant expression of 5$'$-isomiRs without three or four first nucleotides instead of the canonical isoform could be disclosed based on miRNA-Seq analysis. Moreover, mRNA sequencing data showed that the 5$'$-isomiRs of hsa-miR-93-5p presumably regulate their own mRNA targets. Thus, omitting miRNA-Seq analysis may lead to erroneous conclusions regarding revealed mRNA targets and possible molecular mechanisms in which studied miRNA is involved.	DU-145 (prostate cancer) cell line was transduced by lentiviral particles coding one of the three types of shRNA to achieve stable overexpression of hsa-miR-93-5p.;	All shRNA constructs contained the sequence of the canonical hsa-miR-93-5p and differed in their loop sequence only (5'-CUACCUGCACGAACAGCACUUUG-3' -- upper stem; 5'-CUCGAG-3', 5'-UUCAAGAGA-3', 5'-UUCUAAAA-3' -- stem loops; 3'-...UUGAUGGACGUGCUUGUCGUGAAAC-5' -- lower stem).;	To comprehensively understand the overexpressed isoforms of hsa-miR-93-5p and their impact on the cellular transcriptome profile, we conducted sequencing of both miRNAs (3 repeats for the control, 3 repeats for the first loop and 2 repeats for other ones) and mRNAs (3 repeats for control and all loops).
